{
  "pose": {
    "x": 57.50083623414718,
    "y": -29.61834646840672
  },
  "extra": {
      "quat": {
            "imag": 0,
            "jmag": 0,
            "kmag": 0.9371330045050794,
            "real": -0.3489723941335229
          }
    }
}
