{
  "pose": {
    "x": 58.61185414272774,
    "y": -28.344742445084687
  },
  "extra": {
      "quat": {
            "imag": 0,
            "jmag": 0,
            "kmag": 0.925834763152969,
            "real": -0.3779285532180468
          }
    }
}
