{
  "pose": {
    "x": 65.51084644527357,
    "y": -5.401574593700882
  },
  "extra": {
      "quat": {
            "imag": 0,
            "jmag": 0,
            "kmag": 0.09682550250158808,
            "real": 0.9953013724823828
          }
    }
}
