{
  "pose": {
    "x": 65.2193852578742,
    "y": -26.295507718930093
  },
  "extra": {
      "quat": {
            "imag": 0,
            "jmag": 0,
            "kmag": 0.3843435235916449,
            "real": 0.92319015152522
          }
    }
}
