{
  "pose": {
    "x": 95.44439903054347,
    "y": 8.455838569342045
  },
  "extra": {
      "quat": {
            "imag": 0,
            "jmag": 0,
            "kmag": 0.7173652677981663,
            "real": 0.6966972603339741
          }
    }
}
