{
  "pose": {
    "x": 69.34306123343703,
    "y": -38.390285573754525
  },
  "extra": {
      "quat": {
            "imag": 0,
            "jmag": 0,
            "kmag": 0.9673533622109152,
            "real": -0.2534313962776475
          }
    }
}
