{
  "pose": {
    "x": 65.88072260346637,
    "y": -32.85290080938347
  },
  "extra": {
      "quat": {
            "imag": 0,
            "jmag": 0,
            "kmag": 0.7968690220991619,
            "real": -0.60415210139395
          }
    }
}
