{
  "pose": {
    "x": 73.79652185471613,
    "y": 14.019537660256049
  },
  "extra": {
      "quat": {
            "imag": 0,
            "jmag": 0,
            "kmag": 0.6369940792609317,
            "real": 0.7708686937387703
          }
    }
}
