{
  "pose": {
    "x": 63.593198627225355,
    "y": -17.700180584247857
  },
  "extra": {
      "quat": {
            "imag": 0,
            "jmag": 0,
            "kmag": 0.9294096581924793,
            "real": 0.36904970838430295
          }
    }
}
