{
  "pose": {
    "x": 52.731549436460206,
    "y": 6.158977089863377
  },
  "extra": {
      "quat": {
            "imag": 0,
            "jmag": 0,
            "kmag": 0.8571312317076396,
            "real": -0.5150980990368192
          }
    }
}
