{
  "pose": {
    "x": 71.56961305397228,
    "y": -8.591811190716076
  },
  "extra": {
      "quat": {
            "imag": 0,
            "jmag": 0,
            "kmag": 0.8025845186419042,
            "real": -0.5965384232690658
          }
    }
}
